"Player Name",Role,Nationality,"Base Price (CR)","Rating (Out of 10)","Matches Played","Total Runs","Total Wickets"
"AB de Villiers",Batsman,Overseas,2.0,9.8,184,5162,0
"Lasith Malinga",Bowler,Overseas,2.0,9.6,122,88,170
"Chris Gayle",Batsman,Overseas,2.0,9.5,142,4965,18
"Jasprit Bumrah",Bowler,Indian,2.0,9.5,130,80,170
"Virat Kohli",Batsman,Indian,2.0,9.5,250,8000,4
"Dale Steyn",Bowler,Overseas,2.0,9.4,95,166,97
"Virender Sehwag",Batsman,Indian,2.0,9.3,104,2728,6
"Adam Gilchrist",Wicket-Keeper,Overseas,2.0,9.2,80,2069,0
"Muttiah Muralitharan",Bowler,Overseas,2.0,9.2,66,24,63
"Anil Kumble",Bowler,Indian,2.0,9.1,42,35,45
"Jacques Kallis",All-Rounder,Overseas,2.0,9.1,98,2427,65
"Brendon McCullum",Wicket-Keeper,Overseas,2.0,9.0,109,2880,0
"Charith Asalanka",All-Rounder,Overseas,0.5,9.0,35,935,89
"Harbhajan Singh",Bowler,Indian,2.0,9.0,163,833,150
"MS Dhoni",Wicket-Keeper,Indian,2.0,9.0,270,5200,0
"Rashid Khan",Bowler,Overseas,2.0,9.0,110,450,130
"Ravindra Jadeja",All-Rounder,Indian,2.0,9.0,230,2700,160
"Rohit Sharma",Batsman,Indian,2.0,9.0,250,6500,15
"Sachin Tendulkar",Batsman,Indian,2.0,9.0,78,2334,0
"Suresh Raina",Batsman,Indian,2.0,9.0,205,5528,25
"Zaheer Khan",Bowler,Indian,2.0,9.0,100,117,102
"Azmatullah Omarzai",All-Rounder,Overseas,1.5,8.9,145,1855,59
"Ben Stokes",All-Rounder,Overseas,2.0,8.9,110,2159,78
"Chris Morris",All-Rounder,Overseas,2.0,8.9,81,618,95
"Kumar Kushagra",All-Rounder,Indian,2.0,8.9,49,1332,10
"Matthew Hayden",Batsman,Overseas,2.0,8.9,32,1107,0
"Michael Hussey",Batsman,Overseas,2.0,8.9,59,1977,0
"Scott Styris",All-Rounder,Overseas,1.0,8.9,28,1833,88
"Shahbaz Ahmed",All-Rounder,Indian,1.5,8.9,132,945,88
"Brad Hodge",Batsman,Overseas,2.0,8.8,69,2413,0
"Gurkeerat Singh Mann",All-Rounder,Indian,2.0,8.8,25,1393,89
"James Faulkner",All-Rounder,Overseas,2.0,8.8,99,1498,26
"Joginder Sharma",All-Rounder,Indian,1.5,8.8,118,1388,74
"Kieron Pollard",All-Rounder,Overseas,2.0,8.8,189,3412,69
"Nathu Singh",Bowler,Indian,2.0,8.8,111,242,78
"Rajat Bhatia",All-Rounder,Indian,1.0,8.8,76,1537,31
"Shashank Singh",All-Rounder,Indian,1.0,8.8,101,801,10
"Shaun Marsh",Batsman,Overseas,2.0,8.8,71,2477,0
"Ashish Nehra",Bowler,Indian,1.5,8.7,93,100,104
"Ashok Dinda",Bowler,Indian,1.5,8.7,24,293,37
"Bhanuka Rajapaksa",All-Rounder,Overseas,2.0,8.7,97,558,56
"Iqbal Abdulla",All-Rounder,Indian,1.0,8.7,68,1496,34
"Irfan Pathan",All-Rounder,Indian,1.0,8.7,66,935,32
"Mayank Agarwal",Batsman,Indian,2.0,8.7,81,3312,0
"Munaf Patel",Bowler,Indian,0.5,8.7,20,112,92
"RP Singh",Bowler,Indian,1.5,8.7,44,21,62
"Rishi Dhawan",All-Rounder,Indian,1.5,8.7,84,1928,50
"Baba Indrajith",Wicket-Keeper,Indian,2.0,8.6,92,858,0
"Chris Lynn",Batsman,Overseas,1.5,8.6,34,1930,0
"Daniel Christian",All-Rounder,Overseas,1.0,8.6,86,1429,37
"Darren Sammy",All-Rounder,Overseas,0.5,8.6,22,1707,49
"Dwayne Bravo",All-Rounder,Overseas,1.0,8.6,86,1192,49
"Jalaj Saxena",All-Rounder,Indian,1.0,8.6,100,793,27
"Mohammad Nabi",All-Rounder,Overseas,1.0,8.6,132,1466,98
"Praveen Kumar",Bowler,Indian,2.0,8.6,22,58,110
"Shakib Al Hasan",All-Rounder,Overseas,2.0,8.6,106,756,49
"Sheldon Cottrell",Bowler,Overseas,0.5,8.6,62,156,51
"Varun Aaron",Bowler,Indian,2.0,8.6,85,181,32
"Akshdeep Nath",Batsman,Indian,1.0,8.5,35,1817,0
"Andre Russell",All-Rounder,Overseas,2.0,8.5,110,2200,90
"Ashton Agar",All-Rounder,Overseas,1.0,8.5,34,483,52
"Dasun Shanaka",All-Rounder,Overseas,1.0,8.5,148,1735,44
"David Hussey",All-Rounder,Overseas,1.0,8.5,114,583,65
"Hardik Pandya",All-Rounder,Indian,2.0,8.5,120,2200,55
"Imran Tahir",Bowler,Overseas,1.0,8.5,66,70,104
"Jofra Archer",Bowler,Overseas,2.0,8.5,40,195,48
"Jos Buttler",Wicket-Keeper,Overseas,2.0,8.5,90,3200,0
"KL Rahul",Wicket-Keeper,Indian,2.0,8.5,120,4600,0
"Kagiso Rabada",Bowler,Overseas,1.5,8.5,60,120,80
"Kamlesh Nagarkoti",Batsman,Indian,1.0,8.5,127,2539,4
"Matheesha Pathirana",Bowler,Overseas,1.0,8.5,20,0,34
"Mohammed Shami",Bowler,Indian,1.5,8.5,100,95,110
"Nicholas Pooran",Wicket-Keeper,Overseas,2.0,8.5,75,1769,0
"Rishabh Pant",Wicket-Keeper,Indian,2.0,8.5,110,3500,0
"Shane Watson",All-Rounder,Overseas,1.5,8.5,145,3874,92
"Shikhar Dhawan",Batsman,Indian,1.5,8.5,217,6617,4
"Shubman Gill",Batsman,Indian,2.0,8.5,80,2800,0
"Suryakumar Yadav",Batsman,Indian,2.0,8.5,100,2800,0
"Unmukt Chand",Batsman,Indian,0.5,8.5,61,2168,0
"Vijay Shankar",All-Rounder,Indian,1.0,8.5,41,1102,55
"Yuvraj Singh",All-Rounder,Indian,2.0,8.5,132,2750,36
"Yuzvendra Chahal",Bowler,Indian,1.5,8.5,150,35,190
"Adil Rashid",Bowler,Overseas,0.5,8.4,120,239,23
"Ankit Sharma",All-Rounder,Indian,2.0,8.4,32,814,39
"Carlos Brathwaite",All-Rounder,Overseas,1.5,8.4,109,553,68
"Chama Milind",Bowler,Indian,0.5,8.4,108,82,93
"Herschelle Gibbs",Batsman,Overseas,1.0,8.4,19,663,0
Sreesanth,Bowler,Indian,1.0,8.4,71,281,58
"Vishnu Vinod",Bowler,Indian,1.5,8.4,73,19,127
"Will Jacks",All-Rounder,Overseas,0.5,8.4,44,874,53
"Anukul Roy",All-Rounder,Indian,0.5,8.3,104,1618,68
"Barinder Sran",Bowler,Indian,2.0,8.3,52,112,66
"Dwayne Smith",All-Rounder,Overseas,2.0,8.3,95,1727,49
"Josh Inglis",Wicket-Keeper,Overseas,2.0,8.3,15,1016,0
"Kevon Cooper",All-Rounder,Overseas,1.5,8.3,120,1513,45
"Pawan Negi",All-Rounder,Indian,1.0,8.3,93,1190,46
"Riley Meredith",Bowler,Overseas,1.0,8.3,16,50,22
"Riyan Parag",Batsman,Indian,2.0,8.3,43,1127,2
"Sandeep Warrier",Bowler,Indian,2.0,8.3,54,52,72
"Basil Thampi",Bowler,Indian,1.5,8.2,54,39,98
"Brad Hogg",Bowler,Overseas,0.5,8.2,26,298,47
"Colin de Grandhomme",All-Rounder,Overseas,0.5,8.2,59,460,61
"Hanuma Vihari",Batsman,Indian,2.0,8.2,63,2453,0
"Jason Behrendorff",Bowler,Overseas,2.0,8.2,82,164,43
"Jhye Richardson",Bowler,Overseas,1.0,8.2,58,140,13
"Kane Williamson",Batsman,Overseas,0.5,8.2,147,1397,4
"Lendl Simmons",Batsman,Overseas,2.0,8.2,54,1733,0
"Mandeep Singh",Batsman,Indian,1.5,8.2,20,3415,0
"Mitchell Santner",All-Rounder,Overseas,1.5,8.2,123,1376,68
"Moises Henriques",All-Rounder,Overseas,1.0,8.2,79,1765,75
"Murugan Ashwin",Bowler,Indian,1.0,8.2,63,36,65
"Paul Valthaty",All-Rounder,Indian,1.0,8.2,56,456,71
"Raj Angad Bawa",All-Rounder,Indian,1.5,8.2,47,734,25
"Tim Southee",Bowler,Overseas,0.5,8.2,95,59,146
"Anureet Singh",Bowler,Indian,0.5,8.1,86,92,68
"David Miller",Batsman,Overseas,1.0,8.1,104,1961,4
"Hashim Amla",Batsman,Overseas,1.5,8.1,75,2019,0
"Luke Wood",Bowler,Overseas,1.0,8.1,12,221,58
"Marlon Samuels",All-Rounder,Overseas,0.5,8.1,100,1375,54
"Michael Bracewell",All-Rounder,Overseas,1.5,8.1,13,473,39
"Mitchell McClenaghan",Bowler,Overseas,1.0,8.1,64,40,97
"Nathan Ellis",Bowler,Overseas,0.5,8.1,10,238,24
"Ramesh Powar",Bowler,Indian,2.0,8.1,54,42,115
"Romario Shepherd",Batsman,Overseas,1.0,8.1,13,1637,0
"Shahrukh Khan",All-Rounder,Indian,1.0,8.1,57,459,49
"Shaun Tait",Bowler,Overseas,2.0,8.1,101,159,48
"Abhinav Mukund",Batsman,Indian,1.5,8.0,77,1721,0
"Albie Morkel",All-Rounder,Overseas,0.5,8.0,22,425,55
"Daryl Mitchell",Batsman,Overseas,2.0,8.0,120,3329,1
"David Warner",Batsman,Overseas,1.5,8.0,180,6500,0
"Dhawal Kulkarni",Bowler,Indian,0.5,8.0,112,94,82
"Faf du Plessis",Batsman,Overseas,1.5,8.0,120,3800,0
"Gautam Gambhir",Batsman,Indian,1.5,8.0,154,4217,0
"Glenn Maxwell",All-Rounder,Overseas,2.0,8.0,110,2500,30
"Heinrich Klaasen",Wicket-Keeper,Overseas,1.5,8.0,25,800,0
"Jake Fraser-McGurk",Batsman,Overseas,0.5,8.0,9,330,0
"Mahela Jayawardene",Batsman,Overseas,1.5,8.0,61,3281,0
"Mitchell Starc",Bowler,Overseas,2.0,8.0,30,100,35
"Pat Cummins",Bowler,Overseas,2.0,8.0,50,400,55
"Quinton de Kock",Wicket-Keeper,Overseas,1.5,8.0,100,3000,0
"Sam Curran",All-Rounder,Overseas,1.5,8.0,40,500,40
"Shahbaz Nadeem",Bowler,Indian,1.0,8.0,99,261,63
"Shivam Dube",All-Rounder,Indian,1.0,8.0,65,1378,4
"Shreyas Iyer",Batsman,Indian,1.5,8.0,115,3127,0
"Sunil Narine",All-Rounder,Overseas,1.5,8.0,170,1500,175
"Travis Head",Batsman,Overseas,1.5,8.0,20,600,2
"Trent Boult",Bowler,Overseas,1.5,8.0,80,40,100
"Tristan Stubbs",Wicket-Keeper,Overseas,1.0,8.0,18,405,0
"Vidwath Kaverappa",Bowler,Indian,1.5,8.0,16,31,56
"Akeal Hosein",Batsman,Overseas,2.0,7.9,135,1395,3
"Amit Mishra",Bowler,Indian,1.0,7.9,91,495,113
"Deepak Hooda",All-Rounder,Indian,1.5,7.9,107,453,31
"Evin Lewis",Batsman,Overseas,0.5,7.9,26,1736,0
"Jason Holder",All-Rounder,Overseas,1.5,7.9,91,1688,42
"Kusal Mendis",Wicket-Keeper,Overseas,2.0,7.9,136,950,0
"Manan Vohra",Batsman,Indian,0.5,7.9,43,1738,0
"Manish Pandey",All-Rounder,Indian,1.5,7.9,114,1588,49
"Naman Dhir",All-Rounder,Indian,1.5,7.9,37,668,18
"Ross Taylor",Batsman,Overseas,0.5,7.9,100,2998,0
"Spencer Johnson",Bowler,Overseas,1.0,7.9,22,30,72
"Tymal Mills",Bowler,Overseas,2.0,7.9,87,169,83
"Aaron Hardie",All-Rounder,Overseas,2.0,7.8,11,740,33
"Abhishek Nayar",All-Rounder,Indian,1.0,7.8,25,1946,82
"Corey Anderson",All-Rounder,Overseas,1.5,7.8,73,415,50
"George Bailey",Batsman,Overseas,2.0,7.8,74,3126,0
"Harpreet Brar",Batsman,Indian,0.5,7.8,70,1378,1
"Manoj Tiwary",Batsman,Indian,1.5,7.8,82,1053,0
"Morne Morkel",Bowler,Overseas,0.5,7.8,86,135,68
"Nitish Kumar Reddy",All-Rounder,Indian,0.5,7.8,12,1169,58
"Parthiv Patel",Wicket-Keeper,Indian,2.0,7.8,119,1149,0
"Ricky Bhui",Batsman,Indian,1.0,7.8,70,333,5
"Stuart Binny",All-Rounder,Indian,1.0,7.8,50,893,65
"Taskin Ahmed",All-Rounder,Indian,1.5,7.8,66,1566,25
"Yash Dhull",Batsman,Indian,1.5,7.8,16,1869,0
"Aditya Tare",Wicket-Keeper,Indian,2.0,7.7,84,3178,0
"Alzarri Joseph",Bowler,Overseas,1.5,7.7,28,83,115
"Arshad Khan",All-Rounder,Indian,0.5,7.7,9,242,22
"Ashutosh Sharma",Bowler,Indian,0.5,7.7,16,476,57
"Bipul Sharma",All-Rounder,Indian,0.5,7.7,109,1749,47
"Donovan Ferreira",All-Rounder,Overseas,1.0,7.7,122,331,22
"Matt Short",All-Rounder,Overseas,0.5,7.7,50,427,21
"Rovman Powell",Bowler,Overseas,0.5,7.7,80,349,119
"Tabraiz Shamsi",Batsman,Overseas,1.5,7.7,98,796,5
"Yusuf Pathan",All-Rounder,Indian,1.0,7.7,99,865,46
"Akash Deep",Bowler,Indian,1.0,7.6,8,147,55
"Angelo Mathews",All-Rounder,Overseas,0.5,7.6,45,764,68
"Angkrish Raghuvanshi",Batsman,Indian,0.5,7.6,48,1945,0
"Atharva Taide",Batsman,Indian,0.5,7.6,85,737,0
"Baba Aparajith",All-Rounder,Indian,2.0,7.6,104,1821,53
"Mitchell Johnson",Bowler,Overseas,2.0,7.6,112,140,108
"Navdeep Saini",All-Rounder,Indian,1.0,7.6,65,461,83
"Piyush Chawla",Bowler,Indian,0.5,7.6,73,133,48
"Pravin Tambe",Bowler,Indian,2.0,7.6,21,291,69
"Rasikh Salam",Bowler,Indian,1.5,7.6,34,11,31
"Shamar Joseph",Bowler,Overseas,1.5,7.6,40,55,13
"Aman Khan",Batsman,Indian,0.5,7.5,10,200,0
"Andrew Tye",Bowler,Overseas,0.5,7.5,50,249,42
"Anmolpreet Singh",Batsman,Indian,0.5,7.5,10,200,0
"Anrich Nortje",Bowler,Overseas,1.0,7.5,45,50,55
"Arshdeep Singh",Bowler,Indian,1.0,7.5,50,20,60
"Aryan Juyal",Batsman,Indian,0.5,7.5,10,200,0
"Avanish Rao Aravelly",Batsman,Indian,0.5,7.5,10,200,0
"Axar Patel",All-Rounder,Indian,1.5,7.5,90,1200,70
"BR Sharath",Batsman,Indian,0.5,7.5,10,200,0
"Ben Cutting",All-Rounder,Overseas,1.5,7.5,55,1994,53
"Bhuvneshwar Kumar",Bowler,Indian,1.5,7.5,160,300,170
"Bipin Saurabh",Batsman,Indian,0.5,7.5,10,200,0
"Cameron Green",All-Rounder,Overseas,2.0,7.5,20,500,10
"Doug Bollinger",Bowler,Overseas,0.5,7.5,92,155,62
"G Ajitesh",Batsman,Indian,0.5,7.5,10,200,0
"Gerald Coetzee",Bowler,Overseas,1.0,7.5,10,14,13
"Gourav Choudhary",Batsman,Indian,0.5,7.5,10,200,0
"Harpreet Singh Bhatia",Batsman,Indian,0.5,7.5,10,200,0
"Harvik Desai",Batsman,Indian,0.5,7.5,10,200,0
"Josh Hazlewood",Bowler,Overseas,1.5,7.5,30,25,38
"Keshav Maharaj",Batsman,Overseas,2.0,7.5,109,3464,5
"Kuldeep Yadav",Bowler,Indian,1.0,7.5,75,150,85
"Lalit Yadav",Batsman,Indian,0.5,7.5,10,200,0
"Liam Livingstone",All-Rounder,Overseas,1.5,7.5,35,900,10
"Litton Das",Wicket-Keeper,Overseas,0.5,7.5,35,1429,0
"Luvnith Sisodia",Batsman,Indian,0.5,7.5,10,200,0
"Marcus Stoinis",All-Rounder,Overseas,1.5,7.5,60,1300,20
"Mayank Yadav",Bowler,Indian,0.2,7.5,3,0,7
"Mitchell Marsh",All-Rounder,Overseas,1.5,7.5,40,700,38
"Mohammed Siraj",Bowler,Indian,1.0,7.5,70,50,80
"Nathan Coulter-Nile",Bowler,Overseas,1.0,7.5,58,157,99
"Noor Ahmad",Bowler,Overseas,1.5,7.5,75,445,123
"Pravin Dubey",Batsman,Indian,0.5,7.5,10,200,0
"Priyam Garg",Batsman,Indian,0.5,7.5,10,200,0
"Rajat Patidar",Batsman,Indian,0.5,7.5,27,799,0
"Ravichandran Ashwin",Bowler,Indian,1.5,7.5,200,750,175
"Rinku Singh",Batsman,Indian,0.5,7.5,40,950,0
"Ruturaj Gaikwad",Batsman,Indian,1.0,7.5,60,2000,0
"Ryan ten Doeschate",All-Rounder,Overseas,1.0,7.5,27,1691,75
"Sanju Samson",Wicket-Keeper,Indian,1.5,7.5,160,4200,0
"Sanvir Singh",Batsman,Indian,0.5,7.5,10,200,0
"Saurav Chauhan",Batsman,Indian,0.5,7.5,10,200,0
"Swapnil Singh",All-Rounder,Indian,1.0,7.5,69,1125,26
"Swastik Chikara",Batsman,Indian,0.5,7.5,10,200,0
"Tilak Varma",Batsman,Indian,0.5,7.5,35,1100,2
"Tim David",Batsman,Overseas,1.5,7.5,38,659,0
"Urvil Patel",Batsman,Indian,0.5,7.5,10,200,0
"Vinay Kumar",Bowler,Indian,2.0,7.5,63,270,53
"Yashasvi Jaiswal",Batsman,Indian,1.0,7.5,45,1400,0
"Abishek Porel",Wicket-Keeper,Indian,1.0,7.4,53,2324,0
"Ajantha Mendis",Bowler,Overseas,2.0,7.4,107,36,120
"Baltej Singh",Bowler,Indian,1.0,7.4,115,31,75
"Dewald Brevis",Batsman,Overseas,2.0,7.4,71,3400,4
"Kyle Mayers",All-Rounder,Overseas,0.5,7.4,67,1966,51
"Milind Kumar",Batsman,Indian,1.0,7.4,39,2714,0
"Rahmanullah Gurbaz",Wicket-Keeper,Overseas,1.0,7.4,19,1802,0
"Ravi Bishnoi",Bowler,Indian,1.0,7.4,68,75,28
"Sherfane Rutherford",Batsman,Overseas,0.5,7.4,16,3602,2
"Ajit Agarkar",Bowler,Indian,2.0,7.3,101,274,73
"Daniel Vettori",Bowler,Overseas,2.0,7.3,113,102,47
"Devon Conway",Bowler,Overseas,1.5,7.3,19,457,147
"Duan Jansen",Bowler,Overseas,1.5,7.3,108,264,66
"Gulbadin Naib",Batsman,Overseas,1.5,7.3,144,967,5
"Jason Roy",Bowler,Overseas,1.5,7.3,14,326,61
"Lockie Ferguson",Bowler,Overseas,2.0,7.3,59,234,137
"Manpreet Gony",Bowler,Indian,2.0,7.3,101,127,28
"Mark Wood",Bowler,Overseas,2.0,7.3,115,287,16
"Mohammad Kaif",Batsman,Indian,1.0,7.3,97,1439,0
"Pragyan Ojha",Bowler,Indian,1.0,7.3,56,58,102
"Saurabh Tiwary",Batsman,Indian,0.5,7.3,113,1228,0
"Sheldon Jackson",Bowler,Indian,0.5,7.3,90,376,106
"Abdul Samad",Batsman,Indian,0.5,7.2,68,956,5
"CM Gautam",Wicket-Keeper,Indian,1.5,7.2,20,722,0
"Dirk Nannes",Bowler,Overseas,0.5,7.2,57,151,67
"Kumar Kartikeya",Bowler,Indian,1.0,7.2,20,112,39
"Kyle Jamieson",Bowler,Overseas,1.0,7.2,16,61,26
"Lance Morris",Bowler,Overseas,2.0,7.2,59,144,26
"Mohsin Khan",Bowler,Indian,0.5,7.2,5,151,27
"Narayan Jagadeesan",Wicket-Keeper,Indian,1.5,7.2,123,576,0
"Sachin Baby",Batsman,Indian,2.0,7.2,92,1882,0
"Shivalik Sharma",Batsman,Indian,1.0,7.2,42,1301,0
"Siddarth Kaul",Bowler,Indian,2.0,7.2,60,191,20
"Suyash Prabhudessai",Batsman,Indian,1.5,7.2,43,903,0
"Upendra Yadav",Batsman,Indian,1.5,7.2,74,1031,4
"Wasim Jaffer",Batsman,Indian,1.0,7.2,16,689,0
"Aakash Chopra",Batsman,Indian,1.0,7.1,118,2217,0
"Arjun Tendulkar",Bowler,Indian,1.5,7.1,13,222,79
"Darshan Nalkande",Bowler,Indian,1.0,7.1,58,133,70
"Moeen Ali",All-Rounder,Overseas,1.5,7.1,45,1448,67
"Nandre Burger",All-Rounder,Overseas,1.0,7.1,131,1655,24
"R. Sai Kishore",Bowler,Indian,0.5,7.1,38,41,24
"Rassie van der Dussen",Batsman,Overseas,2.0,7.1,51,2245,2
"Sam Billings",Wicket-Keeper,Overseas,1.5,7.1,132,3079,0
"Sameer Rizvi",Bowler,Indian,1.0,7.1,99,137,95
"Sean Abbott",Bowler,Overseas,0.5,7.1,65,109,103
"Abhishek Sharma",Batsman,Indian,0.5,7.0,50,1200,10
"Adam Zampa",Bowler,Overseas,1.0,7.0,20,15,30
"Dinesh Karthik",Wicket-Keeper,Indian,0.75,7.0,250,4800,0
"Harshal Patel",Bowler,Indian,1.0,7.0,90,250,115
"Ish Sodhi",Batsman,Overseas,2.0,7.0,82,1084,2
"Ishan Kishan",Wicket-Keeper,Indian,1.0,7.0,80,2300,0
"Krunal Pandya",All-Rounder,Indian,1.0,7.0,115,1500,75
"Kwena Maphaka",Bowler,Overseas,1.0,7.0,40,173,58
"Mohit Sharma",Bowler,Indian,0.5,7.0,100,150,120
"Mustafizur Rahman",Bowler,Overseas,1.0,7.0,55,30,58
"Phil Salt",Wicket-Keeper,Overseas,1.0,7.0,15,400,0
"Rachin Ravindra",All-Rounder,Overseas,1.0,7.0,14,222,0
"Rahul Tewatia",All-Rounder,Indian,2.0,7.0,45,1742,51
"Sai Sudharsan",Batsman,Indian,0.5,7.0,25,900,0
"Sandeep Sharma",Bowler,Indian,0.5,7.0,115,100,130
"Shardul Thakur",All-Rounder,Indian,1.0,7.0,80,400,65
"Venkatesh Iyer",All-Rounder,Indian,0.5,7.0,40,1100,3
"Dilshan Madushanka",All-Rounder,Overseas,0.5,6.9,114,1620,35
"Eoin Morgan",All-Rounder,Overseas,1.0,6.9,56,2250,68
"Obed McCoy",Bowler,Overseas,0.5,6.9,54,428,84
"Anuj Rawat",Wicket-Keeper,Indian,1.5,6.8,139,824,0
"Jaydev Unadkat",Batsman,Indian,1.5,6.8,14,1408,5
"Mahipal Lomror",Bowler,Indian,0.5,6.8,64,490,118
"Reece Topley",Batsman,Overseas,1.0,6.8,31,2982,4
"Vicky Ostwal",All-Rounder,Indian,1.0,6.8,109,2439,52
"Colin Munro",Batsman,Overseas,2.0,6.7,57,2179,2
"Liam Plunkett",Bowler,Overseas,0.5,6.7,148,481,147
"Lungi Ngidi",Bowler,Overseas,1.5,6.7,46,21,92
"Matt Henry",Batsman,Overseas,1.5,6.7,87,571,1
"T Natarajan",Bowler,Indian,2.0,6.7,122,408,73
"Glenn Phillips",Batsman,Overseas,1.0,6.6,47,3222,3
"Ishant Sharma",Bowler,Indian,2.0,6.6,148,253,142
"Martin Guptill",Bowler,Overseas,1.5,6.6,112,152,132
"Tom Curran",Batsman,Overseas,2.0,6.6,29,3975,4
"Alex Hales",Bowler,Overseas,2.0,6.5,34,416,113
"Avesh Khan",Bowler,Indian,0.5,6.5,50,40,60
"Devdutt Padikkal",Batsman,Indian,0.5,6.5,55,1500,0
"Jitesh Sharma",Wicket-Keeper,Indian,0.5,6.5,35,2257,0
"Maheesh Theekshana",Bowler,Overseas,1.5,6.5,69,56,147
"Marco Jansen",Bowler,Overseas,0.5,6.5,20,150,20
"Nitish Rana",Batsman,Indian,0.75,6.5,105,2600,10
"Rahul Chahar",Bowler,Indian,0.5,6.5,75,430,148
"Rahul Tripathi",Batsman,Indian,0.75,6.5,95,2200,0
"Umran Malik",Bowler,Indian,0.5,6.5,25,20,30
"Washington Sundar",All-Rounder,Indian,1.0,6.5,60,400,38
"Chetan Sakariya",Batsman,Indian,1.5,6.4,14,1044,0
"Ambati Rayudu",Bowler,Indian,0.5,6.3,113,223,30
"Fazalhaq Farooqi",Bowler,Overseas,1.5,6.3,28,38,103
"Mayank Markande",Batsman,Indian,2.0,6.3,116,1196,3
"Dushmantha Chameera",Batsman,Overseas,1.5,6.2,84,1502,4
"Mujeeb Ur Rahman",Batsman,Overseas,0.5,6.2,29,661,2
"Prerak Mankad",Batsman,Indian,1.0,6.2,85,1644,3
"Srikar Bharat",Wicket-Keeper,Indian,1.0,6.2,126,2680,0
"Joe Root",Batsman,Overseas,2.0,6.1,30,3562,3
"Kedar Jadhav",Batsman,Indian,2.0,6.1,123,2888,0
"Shoriful Islam",Batsman,Overseas,1.5,6.1,136,452,4
"Umesh Yadav",Bowler,Indian,1.5,6.1,147,196,87
"Wayne Parnell",Batsman,Overseas,1.0,6.1,85,3280,4
"Prithvi Shaw",Batsman,Indian,0.5,6.0,75,1800,0
"Shreyas Gopal",Batsman,Indian,2.0,6.0,104,987,4
"Tushar Deshpande",Bowler,Indian,0.2,6.0,25,25,25
"Nuwan Thushara",Batsman,Overseas,1.5,5.9,114,3888,0
"Chris Woakes",Batsman,Overseas,0.5,5.8,148,206,3
"Deepak Chahar",Bowler,Indian,0.5,5.8,128,351,19
"Khaleel Ahmed",Bowler,Indian,0.5,5.8,83,154,96
"Shimron Hetmyer",Bowler,Overseas,1.0,5.8,125,130,68
"Wanindu Hasaranga",Bowler,Overseas,1.0,5.8,48,33,22
"Aiden Markram",Bowler,Overseas,1.0,5.7,35,152,95
"Dawid Malan",Bowler,Overseas,1.0,5.7,112,50,139
"Karn Sharma",Bowler,Indian,1.5,5.7,89,94,96
Naveen-ul-Haq,Bowler,Overseas,2.0,5.7,137,162,115
"Robin Uthappa",Batsman,Indian,1.5,5.7,122,1640,2
"Odean Smith",Batsman,Overseas,2.0,5.6,141,779,1
"Mukesh Kumar",Bowler,Indian,0.5,5.5,15,10,12
"Shivam Mavi",Batsman,Indian,0.5,5.5,57,238,1
"Ayush Badoni",Batsman,Indian,0.2,5.0,30,450,2
"Dhruv Jurel",Wicket-Keeper,Indian,0.2,5.0,15,200,0
"Prabhsimran Singh",Wicket-Keeper,Indian,0.2,5.0,25,500,0
"Abhinav Manohar",Batsman,Indian,0.2,4.5,15,250,0
"Akash Madhwal",Bowler,Indian,0.2,4.5,10,5,15
"Harshit Rana",Bowler,Indian,0.2,4.5,10,20,12
"Nehal Wadhera",Batsman,Indian,0.2,4.5,15,250,0
"Suyash Sharma",Bowler,Indian,0.2,4.5,12,5,10
"Yash Thakur",Bowler,Indian,0.2,4.5,15,10,18
"Kartik Tyagi",Bowler,Indian,0.2,4.0,20,15,15
"Mayank Dagar",All-Rounder,Indian,0.2,4.0,10,50,5
"Ramandeep Singh",All-Rounder,Indian,0.2,4.0,12,150,6
"Vaibhav Arora",Bowler,Indian,0.2,4.0,15,15,15
"Hrithik Shokeen",Bowler,Indian,0.2,3.5,10,40,5
"Vivrant Sharma",All-Rounder,Indian,0.2,3.5,5,80,2
